codevac;codedossier;description;ordre;estb;esth;famille;image
2;14408;Lot de NAPPERONS et mouchoirs.;305;0;0;10;119377.jpg
2;14408;Parure comprenant nappe et huit serviettes.;303;0;0;10;119378.jpg
2;14408;SIENKIEWICZ (H.). Quo Vadis. Illustrations de Jan Styka. Gravures de Jean Lemoine. Traduction nouvelle par E. Halpérine-Kaminsky. Paris, Flammarion, (1904). 3 vol. in folio.;31;0;0;15;119379.jpg
2;14408;ALCOTT Louisa May - Les quatre soeurs Marsch (little women) - Paris Delagrave 1936;30;0;0;15;119380.jpg
2;14408;"Jules VERNE. Le Village aérien-Les Histoires de Jean-marie Cabidoulin. Cartonnage Cartonnage ""à la sphère dorée"". Ed. Hetzel.";29;0;0;15;119381.jpg
2;14408;"Jules VERNE. Le Testament d'un excentrique. Cartonnage Cartonnage ""à la sphère dorée"". Ed. Hetzel.";28;0;0;15;119382.jpg
2;14408;Jules VERNE. Le volcan d'or. cartonnage à un éléphant, titre dans l'éventail. Dos au phare. Ed. Hetzel.;27;0;0;15;119383.jpg
2;14408;Jules VERNE. L'Agence Thomson and Co. cartonnage à un éléphant, titre dans l'éventail. Dos au phare. Ed. Hetzel.;26;0;0;15;119384.jpg
2;13644;MENAGERE en métal argenté et lot de couverts en métal argenté divers.;301;0;0;2;119385.jpg
2;13644;Lot de METAL ARGENTE divers.;300;0;0;2;119386.jpg
2;18;BAGUE SERRE de petit doigt, articulée, en argent.;158;0;0;4;119387.jpg
2;18;Lot de deux COUPE-PAPIERS , l'un le manche en fer canon de fusil orné d'une couronne de baron, l'autre la lame en fer damasquiné d'or.;230;0;0;4;119388.jpg
2;18;CROCHET de billot de fusils à aiguiser de boucher, en fonte de fer et laiton à décor d'un paon.;229;0;0;4;119389.jpg
2;18;MECANISME de pistolet en silex en fer gravé de rinceaux.;228;0;0;4;119390.jpg
2;18;Lot de trois VERRES, en cristal taillé et gravé à décor de ruches et attributs musicaux, deux autres en verre.;227;0;0;4;119391.jpg
2;18;Lot de trois COLLIERS ethniques dont un perles de marbre rose.;226;0;0;4;119392.jpg
2;18;BRACELET en argent à décor de pièces de monnaies russes XIXe;225;0;0;4;119393.jpg
2;18;TETE de phonographe PATHE.;224;0;0;4;119394.jpg
2;18;PRESSE-PAPIERS losangique en marbre jaune et porphyre rouge.;223;0;0;4;119395.jpg
2;18;FERMOIR de coffre en fer et laiton. Afrique du Nord.;222;0;0;4;119396.jpg
2;18;BOITE à épices en bois laqué rouge et noir, Inde.;221;0;0;4;119397.jpg
2;18;PINCE à PAPIERS en laiton argent en forme de plume de stylo.;220;0;0;4;119398.jpg
2;18;MARQUE d'atout annoté NO TRUMPS.;219;0;0;4;119399.jpg
2;18;Deux BRACELETS ethniques en argent.;218;0;0;4;119400.jpg
2;952;Un coffret et son contenu de bijoux fantaisie. ;285;0;0;17;119401.jpg
2;952;Un coffret et son contenu de bibelots divers (fume-cigarette, balancier, petites boites, etc). ;284;0;0;17;119591.jpg
2;952;Un fort lot de bijoux fantaisie (chaines, broches, bracelets, etc). ;283;0;0;17;119592.jpg
2;952;Un lot avec bourse en métal doré, presse-papier main, animaux et divers. ;282;0;0;17;119593.jpg
2;952;Un lot comprenant des bijoux ethniques, des broches, etc. ;281;0;0;17;119594.jpg
2;952;Un lot avec flacons à sel, en nacre et métal. ;280;0;0;17;119595.jpg
2;952;Un lot avec un élégant porte-monnaie, un étui à lunette, un face-à-main et un bracelet. ;279;0;0;17;119596.jpg
2;952;Un lot comprenant des briquets, un coupe cigare Dunhill, briquet miniature, dé et tabatières diverses en forme de chaussure. ;278;0;0;17;119720.jpg
2;952;Un lot de bijoux fantaisie, broche strass, boucles d'oreilles, pendentif. ;277;0;0;17;119402.jpg
2;952;Un lot comprenant un poudrier, des épingles à chapeau, un petit étui, un oeuf en bois sculpté et divers. ;276;0;0;17;119403.jpg
2;952;Un lot de boîtes. ;275;0;0;17;119408.jpg
2;952;Un lot de chapelets boîtes, croix, médailles religieuses et reliquaires. ;274;0;0;17;119405.jpg
2;952;Un lot de cadre et miniatures photos. ;273;0;0;17;119406.jpg
2;952;Un lot de montres diverses. ;272;0;0;17;119409.jpg
2;952;Lot comprenant une pendulette Lancel, un briquet Dupont, et un briquet de table Dupont. ;271;0;0;17;119410.jpg
2;952;Un lot de bijoux fantaisie, broches, boucles d'oreilles. ;270;0;0;17;119411.jpg
2;952;Un lot avec des bourses maille, des bracelets, une paire de mouchette, coquetier, boussole, étuis, et divers. ;269;0;0;17;119412.jpg
2;117;Belle CHEMISE de femme les boutons en perle de culture.;292;0;0;10;119413.jpg
2;18;Lot de cartes publicitaires en chromolithographie sur la poste dans le monde entier. Fin XIXe;197;0;0;4;119414.jpg
2;18;Lot de lettres patentes et articles de loi sur la Poste, 1790-1791.;184;0;0;4;119415.jpg
2;18;PROJET de CARTE à JOUER à l'aquarelle. On y joint un feuillet des prix marchand des cartes à jouer de la fabriquer RIDAN, XIXe;161;0;0;4;119416.jpg
2;14178;TABLE basse en acajou style bateau.;381;0;0;10;119417.jpg
2;14008;Lot en métal argenté comprenant deux pinces à sucre, un ciseau à raisin, une pelle à friandise, une louche;302;0;0;2;119418.jpg
2;14008;SAC perlé à décor floral stylisé et sac à main croco.;304;0;0;10;119419.jpg
2;952;Un lot de bijoux fantaisie, avec colliers, broches strass, boucles d'oreilles, et divers. ;246;0;0;17;119420.jpg
2;952;Un lot de mercerie, avec boutons, dés, et paires de ciseaux. ;245;0;0;17;119421.jpg
2;952;Un lot de boîtes à pilules diverses. ;244;0;0;17;119422.jpg
2;952;Un lot de boussoles, pendulettes, et divers. ;243;0;0;17;119423.jpg
2;952;Un lot de stylos et porte-mines. ;242;0;0;17;119459.jpg
2;952;Un lot boîtes porcelaine, poudriers, peignes, tête de boite poudreuse, petits portes monnaies, etc. ;241;0;0;17;119471.jpg
2;952;Un lot de coupes-papier, cachets,et signets. ;240;0;0;17;119491.jpg
2;952;Un lot de montres fantaisie, diverses. ;239;0;0;17;119492.jpg
2;952;Un lot de portes-Louis. ;238;0;0;17;119493.jpg
2;952;Un lot de pipes. joint au lot 238;237;0;0;17;119494.jpg
2;952;Un lot de quatre petits animaux. ;236;0;0;17;119495.jpg
2;952;Un lot de quatre briquets Dupont. ;235;0;0;17;119496.jpg
2;952;Un lot d'objets en nacre (boucles de ceinture, cachets, chapelets, broches, etc). ;234;0;0;17;119234.jpg
2;952;Un lot de broches, miniatures et métal doré. ;233;0;0;17;119235.jpg
2;952;Un lot de lorgnons et face-à-main, en l'état. ;232;0;0;17;119236.jpg
2;952;Lot de sept montres de gousset, argent et métal. ;231;0;0;17;119237.jpg
2;13548;Une suite de sept verres à orangeade en cristal taillé. ;151;0;0;17;119238.jpg
2;1128;Un carton comprenant des appliques décoratives, lot de métal argenté, vases, etc.;60;0;0;17;119239.jpg
2;1128;Un carton comprenant des cuivres dont bassine à confiture, casseroles et couvercles. etc.;59;0;0;17;119240.jpg
2;1128;Un fort lot de livres divers avec reliures;58;0;0;17;119241.jpg
2;1128;Un carton comprenant de vaisselle dont cloche à fromage Moustier, assiettes à dessert, éventails en l'état. etc.;57;0;0;17;119242.jpg
2;1128;Lot de vaisselles en faïence moderne, bol à raison, drageoir cristal etc.;56;0;0;17;119243.jpg
2;1128;Lot de verreries dont verres à dégustation, pots à eau, jolie carafe cristal gravé avec couronne etc.;55;0;0;17;119481.jpg
2;225;Lot de CADRES-PHOTOS divers.;84;0;0;17;119482.jpg
2;18;TABATIERE en buis sculpté à décor géométrique.;217;0;0;4;119433.jpg
2;18;SCULPTURE, penseur en bois sculpté;216;0;0;10;119434.jpg
2;952;Un lot de bijoux fantaisie, broches (broche papillon, broche fleurs), etc. ;268;0;0;17;119435.jpg
2;952;Un lot de colliers fantaisie et bijoux vers 1970. ;267;0;0;17;119436.jpg
2;952;Un lot de tabatières et bijoux en métal doré. ;266;0;0;17;119437.jpg
2;952;Un lot de bijoux fantaisie, broche cameés, broche Art Nouveau, broche porcelaine. ;265;0;0;17;119454.jpg
2;952;Un lot de bijoux en filigranes, et divers. ;264;0;0;17;119455.jpg
2;952;Un lot avec pic à chignon, bracelets, portes mines avec chaine, broches, pendentifs, etc. ;263;0;0;17;119456.jpg
2;952;Un lot de quatre canifs et couteaux de poche. ;262;0;0;17;119457.jpg
2;952;Un lot de boîtes à pilules, pendentifs poudriers, boîtes pyrgoènes, ;261;0;0;17;119458.jpg
2;952;Un lot de pièces, médailles, et objets détournés. ;260;0;0;17;119465.jpg
2;952;Un lot de bijoux fantaisie, clous d'oreilles, petites montres, et divers. ;259;0;0;17;119487.jpg
2;952;Un lot de boîtes et broches en micro-mosaïque, et un petit coquillage monté en boîte. ;258;0;0;17;119370.jpg
2;952;Un lot de bijoux ethniques. ;257;0;0;17;119371.jpg
2;952;Un fort lot de chapelets, croix et médailles religieuses. ;256;0;0;17;119372.jpg
2;952;Un lot de boucles de ceinture. ;255;0;0;17;119373.jpg
2;952;Un lot de sacs et bourses en maille. ;254;0;0;17;119374.jpg
2;952;Un lot de briquets Dunhil, Silver Match et divers. ;253;0;0;17;119476.jpg
2;952;Un lot de miroirs et sac, ustensiles manucure, un porte lame, et divers. ;252;0;0;17;119477.jpg
2;952;Epingles à chapeau et épingles de cravate. ;251;0;0;17;119244.jpg
2;952;Un lot de dés, porte-mines, plumes et petits sujets à poser. ;250;0;0;17;119245.jpg
2;952;Un lot de montres à gousset, et montres de col. ;249;0;0;17;119246.jpg
2;952;Un lot de petits cadres photos. ;248;0;0;17;119247.jpg
2;952;UN lot de boucles de ceinture. ;247;0;0;17;119249.jpg
2;14234;GUERDION le pietement en bois tourné (tâche);332;0;0;17;119250.jpg
2;14218;CONSOLE plateau de marbre, médaillons porcelaine en ceinture. Style Louis XVI;333;0;0;17;119251.jpg
2;14234;Serie de trois paires de meubles d'appoint quadrangulaire;334;0;0;10;119428.jpg
2;13602;Meuble Indien sur quatre roulettes à riche décor sculpté et têtes de chevaux;335;0;0;10;119429.jpg
2;14234;Petit BUREAU de PENTE stlyle Louis XV;336;0;0;10;119430.jpg
2;14234;Petite COMMODE à trois tiroirs en bois naturel;337;0;0;10;119431.jpg
2;14234;Petite TABLE à MUSIQUE en marqueterie (tâches);338;0;0;10;119432.jpg
2;14234;Petite TABLE d'apoint ouvrant par un tiroir style Louis XVI;339;0;0;10;119313.jpg
2;14234;Paire de CHEVETS en bois de placage style Louis XV;340;0;0;10;119314.jpg
2;7222;BERGERE en bois laqué vert style Louis XVI;341;80;100;10;119315.jpg
2;14234;BUREAU PLAT gainé de cuir vert style Empire. Accident à deux pieds.;342;0;0;17;119316.jpg
2;14078;POELE en fonte et carreaux de faïence verte;343;0;0;17;119317.jpg
2;14234;GUERIDON en bois clair ouvrant par un tiroir en ceinture petit accident;344;0;0;17;119318.jpg
2;14234;Suite de trois importantes BERGERES garnies de tissus ruge style Louis XVI;345;0;0;17;119319.jpg
2;14078;BANQUETTE en velours style Louis XVI;346;50;60;17;119320.jpg
2;13677;Deux LANDAUDS l'un MARMET BONNICHON Paris et SILVERCROSS pour l'autre;347;0;0;17;119321.jpg
2;14151;TABLE à JEU en bois tourné, style Anglais;348;0;0;17;119322.jpg
2;14250;TELEVISEUR SONY écran plat;349;0;0;17;119323.jpg
2;14250;GUERIDON le pietement tube en métal;350;0;0;17;119324.jpg
2;3934;Téléviseur TELEAVIA sur pied;351;0;0;17;119325.jpg
2;2468;BIBLIOTHEQUE à deux portes vitrées en placage d'acajou;352;0;0;17;119326.jpg
2;14221;Miroir en bois stuqué doré noeud de ruban;353;0;0;17;119327.jpg
2;13548;Paire de fauteuils crapaud en velours;354;0;0;17;119328.jpg
2;3934;Chaise de bébé;355;0;0;17;119329.jpg
2;14413;Bibliothèque néo-gothique en bois naturel, à quatre étagères et deux vantaux, décor de lancettes, soufflets et mouchettes. Accidents et manques. ;387;0;0;17;119330.jpg
2;14418;TAPISSERIE mécanique dans le goût de la Renaissance;386;0;0;17;119331.jpg
2;9757;Tres fort lot de livres reliés et brochés dont histoire de l'art par André Michel, les oeuvres complète illustrées d'Anatole France, Jules Verne, Flaubert, Paul et Virginie etc.;385;0;0;17;119332.jpg
2;14418;GLACE de CHEMINEE à fronton en bois et stuque doré;384;0;0;17;119333.jpg
2;14418;GLACE de CHEMINEE en bois et stuque doré;383;0;0;17;119334.jpg
2;13548;MIROIR moderne. ;382;0;0;17;119335.jpg
2;14418;HORLOGE de PARQUET en bois naturel sculpté de fleurs et frises de perles.;317;80;100;17;119336.jpg
2;14418;MIROIR en stuque doré ajouré à décor de coquilles et de feuillages;318;0;0;17;119337.jpg
2;3661;VESTIAIRE en fer forgé noir à décor de volutes.;319;0;0;17;119338.jpg
2;3661;VESTIAIRE en bois naturel les montants cannelés.;320;0;0;17;119375.jpg
2;2468;TRUMEAU en bois doré à décor de guirlandes de fleurs et noeud de ruban;321;0;0;17;119376.jpg
2;291;HONNER Verdi II. Accordéon dans son étui;293;0;0;17;119252.jpg
2;291;Carton à dessin et son contenu de projets d'affiches;294;0;0;17;119253.jpg
2;3934;BUFFET BAS en bois laqué rouge et or à décor de paysage chinois. Travail Extreme Orient.;322;0;0;17;119254.jpg
2;291;Suite de six CHAISES en skaï orange en l'état;323;0;0;17;119424.jpg
2;13861;BIBLIOTHEQUE à deux portes vitrées en bois de placage.;325;0;0;17;119425.jpg
2;14234;SECRETAIRE à ABATTANT en bois de placage, fentes.;326;0;0;17;119426.jpg
2;14234;BUREAU à gradin en bois de placage et filets de bois clair en forme de piano.;327;0;0;17;119427.jpg
2;13861;Paire de CHAISES cannées style Louis XV (accident au cannage) joint au lot 325;324;0;0;17;119472.jpg
2;87;ECRAN en bois et bois de placage ajouré. Accidents;328;0;0;17;119473.jpg
2;14234;Suite de dix CHAISES laqué blanc garniture de velours rouge. Style Louis XVI.;329;0;0;17;119466.jpg
2;14234;FAUTEUIL garniture de cuir vert Style Louis XVI joint au lot 329;330;0;0;17;97916.jpg
2;291;PROJECTEUR quatre couleurs;377;0;0;17;97918.jpg
2;14234;BUREAU à gradin en bois naturel, le plateau foncé de cuir rouge;331;0;0;17;97919.jpg
2;291;Paire d'important PROJECTEURS en l'état.;379;0;0;17;119468.jpg
2;14641;LAUZERO. Le verger. Aquarelle;310;0;0;17;119631.jpg
2;14641;Jean VERCEL. Banc des sauvages. Aquarelle;309;0;0;17;119632.jpg
2;14234;CREIL et MONTEREAU Important CACHE-POT émaillé sur fond vert accident restauration;313;0;0;17;119272.jpg
2;13548;Lot de métal argenté comprenant un PLAT à HORS d'OEUVRE, une BANNETTE et un SHAKER  quelques accidents.;299;0;0;17;119273.jpg
2;87;MIROIR en bois doré fronton coquille;380;0;0;17;119274.jpg
2;87;GLOBE TERRESTRE par GIRARD, BARRERE Thomas en l'état.;298;0;0;17;119506.jpg
2;87;CIGOGNE en métal doré.;297;0;0;17;119467.jpg
2;87;Lot de PIECES ENCADREES dont reproductions Modigliani et une gravure. On y joint un plateau.;296;0;0;17;119483.jpg
2;87;CHIEN de FO en serpentine.;295;0;0;17;119485.jpg
2;14643;Lot de LIVRES dont un volume la pléiade Rabelais, et divers livres en l'état.;32;30;50;17;119486.jpg
2;14643;VASE en verre émaillé à décor floral.;312;50;80;17;119230.jpg
2;14643;SERVICE à CAFE en métal argenté Sheffield.;311;50;80;17;119255.jpg
2;14644;Lot comprenant deux COUVERTS à SALADE dont un en argent fourré, douze petites CUILLERS ERCUIS et douze CUILLERS à MOKA en métal à décor végétal.;314;0;0;17;119588.jpg
2;14644;"Curieuse CAVE à LIQUEUR en forme de bouteille 'Veuve Cliquot"", une LAMPE OBUS et on y joint un sujet bois humoristique";315;0;0;17;119305.jpg
2;14644;Lot de trois LAMPES à PETROLES dont une émaillée.;316;0;0;17;119306.jpg
2;13514;Paire de VASES Nankin. (Accidents);147;150;200;10;119602.jpg
2;13514;Important ENCRIER en marbre gris.;146;0;0;10;119308.jpg
2;1608;Un coffret à bijoux contenant un lot de montres. ;291;0;0;17;119309.jpg
2;952;Un coffret et son contenu de bibelots et bijoux fantaisie divers. ;290;0;0;17;119310.jpg
2;952;Un coffret et son contenu (bibelots divers, bijoux fantaisie). ;289;0;0;17;119311.jpg
2;952;Un coffret et son contenu avec boîte à cigarette en bois, boîtes à pilules, fume-cigarette, etc. ;288;0;0;17;119312.jpg
2;952;Une boîte et son contenu (bagues, objets en bois, boutons de manchette, poudriers, etc). ;287;0;0;17;119026.jpg
2;952;Une boîte à gants et son contenu. ;286;0;0;17;119275.jpg
2;14078;Petite travailleuse Napoleon III à deux tablettes;356;0;0;17;119277.jpg
2;13548;COMMODE SCRIBAN Style Louis XV on y joint un chevet;357;0;0;17;119278.jpg
2;14228;SALON comprenant un canapé, deux fauteuils et deux chaises de style Louis XVI. On y joint deux chaises. L'ensemble en l'état.;358;0;0;17;119281.jpg
2;14228;Meuble pour ménagère d'inspiration Louis XV.;359;0;0;17;119282.jpg
2;14078;BERGERE et deux FAUTEUILS de style Louis XVI dossier médaillon.;360;100;150;17;119283.jpg
2;3934;Important fauteuil d'inspiration Louis XV, la garniture bleue;361;0;0;17;119284.jpg
2;3934;Fauteuil en bois garniture de cuir. En l'état.;362;0;0;17;119285.jpg
2;13548;Paire de fauteuils crème style Louis XV tapisserie;363;0;0;17;119286.jpg
2;13548;Paire de tabourets style Louis XV;364;0;0;17;119339.jpg
2;13548;Paire de chaises dossier lyre style Louis XVI;365;0;0;17;119340.jpg
2;14418;FAUTEIL et CHAISE style Louis XV au modèle on y joint un FAUTEUIL style Louis XV;366;0;0;17;119341.jpg
2;14418;Paire de fauteuils style louis XV tapisserie;367;0;0;17;119342.jpg
2;14418;GLACE en bois doré;368;0;0;17;119343.jpg
2;14418;Colonne éclairante en marbre blanc;369;0;0;17;119344.jpg
2;14418;Deux chevets et une table basse ovale plateau marbre ;370;0;0;17;119345.jpg
2;14418;Petite table en form d'haricot plateau de marbre style Louis XVI;371;0;0;17;119603.jpg
2;14418;Table basse en bois tourné et plateau de verre;372;0;0;17;119347.jpg
2;14413;Ameublement de CHAMBRE a COUCHER en placage comprenant une armoire à glace et un lit. (manques au placage);373;0;0;17;119348.jpg
2;14413;Deux dessins de paysage vers 1870;307;0;0;17;119349.jpg
2;14413;Sujet en terre cuite figurant mère et enfant signé CIPRIANI Terre cuite d'Art.;306;0;0;17;119350.jpg
2;14413;M. RENARD. La lessive. Huile sur toile.;308;0;0;17;119351.jpg
2;14413;Paire de FAUTEUILS cabriolets style Louis XVI;374;0;0;17;119352.jpg
2;14413;Petit GUERIDON style Louis XVI dessus marbre;375;0;0;17;119353.jpg
2;14413;PESE PERSONNE en fonte en l'état annoté MB couronné;376;0;0;17;119354.jpg
2;291;Paire de petits PROJECTEURS en l'état.;378;0;0;17;119355.jpg
2;3934;Lot pour le bureau dont un porte-stylo DAUM.;117;0;0;17;119356.jpg
2;3934;Suite de quatre CARAFES en cristal de forme carrée. (très légères égrenures aux bouchons);116;0;0;17;119357.jpg
2;3934;Céramique d'Art d'Accolay. VASE vert craquelé.;115;0;0;17;119358.jpg
2;3934;Ensemble de salerons et sujets divers.;114;0;0;17;119604.jpg
2;3934;BACCARAT. Coeur en cristal bleu;113;0;0;17;119366.jpg
2;3934;SAINT-LOUIS. Sulfure à profil de Saint-Louis. SL 1767 1967;112;0;0;17;119367.jpg
2;3934;Paire de VASES boule à décor peint d'oiseaux et fleurs, percées pour l'électricité. Numérotées et marquées C K en creux.;111;0;0;17;119368.jpg
2;3934;"Max LE VERRIER. Coffret en bronze ""Course d'Héraklès Vers l'An 54""";110;0;0;17;119369.jpg
2;3934;COFFRET carré en bois Napoléon III;109;0;0;17;119256.jpg
2;3934;VASE en verre à patine peinte métalique et PICHET en verre et cuivre;108;0;0;17;119257.jpg
2;3934;LONGWY. Boîte en émaux cloisonnés;107;0;0;17;119260.jpg
2;3934;Paire de bougeoirs en bronze style Empire. Electrifiées;106;0;0;17;119261.jpg
2;3934;BACCARAT. Photophore en cristal.;105;0;0;17;119262.jpg
2;3934;Deux maquettes de bateaux en bois et métal.;104;100;120;17;119263.jpg
2;14234;PM TIGER. Au-delà de la grotte. Huile sur toile. joint au lot 165;166;0;0;17;119264.jpg
2;14234;Gaby Cuny. Pivoines blanches. Huile sur toile.;165;0;0;17;119265.jpg
2;14234;Applique lyre et pendeloques cristal;164;20;30;17;119266.jpg
2;14234;Creil et Montereau. ENCRIER en faience légers accidents;163;0;0;17;119267.jpg
2;14234;Plateau et pot couvert en faience, travail asiatique.;162;0;0;17;119268.jpg
2;14234;Verrerie de Monaco et Monte-Carlo. Service à Orangeade un pichet et huit verres;160;0;0;17;119269.jpg
2;14234;Curieuse cave à liqueur musical en forme de tacot;159;0;0;17;119270.jpg
2;14418;Lampe à poser en étain, coquille. ;176;0;0;17;119271.jpg
2;14418;Armoiries au petit point. ;175;20;30;17;119573.jpg
2;14418;J. Rieul, Bretonne nourissant les porcs, huile sur toile marouflée sur carton. ;174;0;0;17;119574.jpg
2;14418;Sujet en BISCUIT figurant un enfant à la lecture, la tête recollée. Pouvant être monté en lampe.;189;30;40;17;119575.jpg
2;14418;Suite de quatre MINIATURES;188;80;100;17;119576.jpg
2;14418;Tête de Christ de Vezelay, moulage du Louvres.;187;80;100;17;119577.jpg
2;14418;Paire de PLATS en faïence à décor polychrome de personnages en habits.;186;100;150;17;119578.jpg
2;14418;Jean-Claude TABURET. HB Quimper. Plat en faïence émaillée à décor de chouette;185;15;20;17;119579.jpg
2;14418;Paire de PANNEAUX en pierre de sel.;183;20;30;17;119580.jpg
2;14418;BOITE ronde en emaux cloisonnés à décor floral sur fond bleu.;182;30;33;17;119581.jpg
2;14418;Pile de livres dissimulant une CAVE à LIQUEUR;181;100;150;17;119582.jpg
2;14418;PORTE-BAGUE figurant un perroquet sur son perchoir.;180;30;40;17;119583.jpg
2;14418;KPM. Deux TASSES et SOUS-TASSES à moka en porcelaine, on y joint une sous tasse.;179;0;0;17;119584.jpg
2;14418;Deux BOULES presse papiers;178;0;0;17;119585.jpg
2;14418;Deux CARAFES en cristal dont une BACCARAT;177;0;0;17;119586.jpg
2;3934;Deux parapluies;129;0;0;17;119587.jpg
2;3934;BERGER à Antibes. Suite de onze assiettes en faïence à décor de poissons et une saucière au modèle. (un éclat);128;0;0;17;119508.jpg
2;3934;Service de verres en cristal taillé comprenant neuf coupes à champagne, onze verres à eau, dix verres à vin rouge, onze verres à vin blanc et un verre porto;127;0;0;17;119509.jpg
2;3934;Ensemble de verreries dont carafes cristal et verres anciens;126;0;0;17;119510.jpg
2;3934;Suite de douze PORTE COUTEAUX en métal ;125;0;0;17;119511.jpg
2;3934;Le goûter. Deux plaques en biscuit.;124;0;0;17;119512.jpg
2;3934;Curieuse lampe pendulette en métal argenté, USA (accident);123;0;0;17;119513.jpg
2;3934;BIOT. Ensemble de verreries.;122;0;0;17;119515.jpg
2;3934;Coupe muselet en bois et métal, la lame marquée CW (usures);121;0;0;17;119516.jpg
2;3934;Bibelots divers dont poire à poudre boîte compas étui à cigarettes etc.;120;0;0;17;119517.jpg
2;3934;Deux MINIATURES peintes;119;0;0;17;119518.jpg
2;3934;Lot pour l'écriture comprenant un necessaire en argent manque une pièce et coupe papier en bronze;118;0;0;17;119545.jpg
2;6454;Une paire de vases rouleaux, en faïence émaillée, à décor floral et de hérons (accidents). ;133;80;100;17;119546.jpg
2;4009;Un coucou allemand. ;132;50;100;17;119547.jpg
2;2468;Un porte-parapluie en faïence, à décor bleu sur fond blanc, Chine. ;98;0;0;17;119548.jpg
2;2468;Un lot de bijoux fantaisie. ;97;0;0;17;119549.jpg
2;2468;Porte-revue en fer forgé. ;96;0;0;17;119550.jpg
2;2468;Une panier en fer forgé, à décor de roses, la vasque en verre marmoréen rose et pourpre (légers éclats). ;95;0;0;17;119551.jpg
2;2468;Une paire de lampes de chevet, bleues et or, Chine. ;94;0;0;17;119552.jpg
2;2468;Lion marchant, bronze. ;93;0;0;17;119553.jpg
2;2468;Un vase en faïence bleue à coulures vertes, application d'étain (quelques éclats). ;92;0;0;17;119554.jpg
2;87;A. Levé, Bouquet de fleurs dans un pichet, huile sur toile. ;70;0;0;17;119555.jpg
2;87;Barbier, Lavandière et vaches s'abreuvant, aquarelle. ;69;0;0;17;119556.jpg
2;87;Aquarelle, Promenade au bord de la rivière. ;68;0;0;17;119557.jpg
2;87;Iglesias, Rue de Séville, huile sur Isorel. ;67;0;0;17;119558.jpg
2;87;Un katana en l'état, le fourreau rapporté. ;66;0;0;17;119559.jpg
2;87;Deux vases en faïence blanche craquelée. ;65;0;0;17;119560.jpg
2;87;Plateau en tôle rouge à décor floral. ;64;0;0;17;119561.jpg
2;87;Jardinière ovale en bois et métal. ;63;0;0;17;119562.jpg
2;87;CAPRON, VALLAURIS. Cache-pot à décor vert et noir sur fond chocolat. ;62;0;0;17;119563.jpg
2;87;DAGE. Vase en céramique à décor de feuillages et de baies bleues. ;61;0;0;17;119564.jpg
2;13996;CLIP en jade à décor sculpté de fleurs et feuillages, la monture en métal rehaussée de pierres à l'imitation du diamant;156;80;100;10;119565.jpg
2;14406;LOT comprenant un collier en serpentine, un collier en corail, une paire de créoles corail et un lot de boutons d emanchette;167;0;0;10;119566.jpg
2;11982;LOT de COQS englais;144;0;0;10;119567.jpg
2;11982;MONTRE GOUSSET en métal chromé vers 1930;143;30;33;10;119568.jpg
2;11982;JAEGER. PENDULETTE à poser en métal doré mécanisme avec boite à musique;142;100;110;10;119569.jpg
2;14418;Pecoraro, Calèches à Paris, aquarelle. ;173;120;150;17;119570.jpg
2;14418;Rue animée à Montmartre, datée 1957, huile sur toile. ;172;80;100;17;119571.jpg
2;14418;Yves Chaix, La griserie de la course, huile sur cuivre. ;171;0;0;17;119572.jpg
2;14418;Smet, Les bigoudènes, huile sur toile. ;170;30;40;17;119606.jpg
2;14418;Bretonnes et chapelle, huile sur toile marouflée sur carton. ;169;50;60;17;119607.jpg
2;14418;Marc Dugrés, Port de Sauzon, huile sur panneau. ;168;100;120;17;119608.jpg
2;13548;Une paire de bougeoirs à trois bras, en bronze doré, électrifiés. ;150;0;0;17;119609.jpg
2;13548;Une paire de petites girandoles à pendeloques. ;149;0;0;17;119610.jpg
2;13548;Une paire de lampes de chevet en bronze, à deux lumières, de style Louis XV. On y joint une autre. ;148;0;0;17;119611.jpg
2;14634;Quatre lampes de cocher , BRC. ;215;0;0;17;119612.jpg
2;14634;Huile sur toile, Portrait de femme africaine, sans châssis. ;214;0;0;17;119613.jpg
2;14634;Une mandoline napolitaine, Gelas, Gaudet, fabricant à Paris, avec son étui. ;213;0;0;17;119614.jpg
2;14634;Brûle parfum en bronze, le couvercle en bois (accident à un pied), travail asiatique. ;212;0;0;17;119615.jpg
2;14634;Nu aux arums, huile sur peau. Jean Tyboud, Nu de dos., gravure. ;211;0;0;17;119616.jpg
2;14634;Une boite à sel, en bois sculpté (manque un pied, et accidents). ;210;0;0;17;119617.jpg
2;14634;Une balance. joint au lot 210 et 208;209;0;0;17;119618.jpg
2;14634;Une lampe à pétrole, la base en métal à décor de chardons,  et un verre de lampe. joint au lot 209 et 210;208;0;0;17;119619.jpg
2;14634;Une boîte à cigarettes, bois et os. ;207;0;0;17;119620.jpg
2;14634;Un poudrier en forme de montre de gousset, métal doré. ;206;0;0;17;119621.jpg
2;14634;Un vase en porcelaine, à décor d'hirondelles en vol, monté en lampe, Japon.;205;0;0;17;119622.jpg
2;14634;Une cave à liqueur, trois carafes en cristal. ;204;0;0;17;119623.jpg
2;14632;E. MOREL. Jour de marché, huile sur carton. ;203;80;100;17;119624.jpg
2;14632;J. DORVAN, Paire de gravures, Elégante à la toilette (rousseurs). ;202;50;80;17;119625.jpg
2;14218;Un service de table en porcelaine blanche, à décor de roses bleues et frises dorées. ;157;0;0;17;119626.jpg
2;6454;PUGI. Femme à la bougie, terre cuite. ;134;0;0;17;119627.jpg
2;225;Suite de six LITHOPHANIES en parfaite état.;73;0;0;17;119630.jpg
2;2468;H. PRIEUR. Rosiers. Aquarelle 1910;103;0;0;17;119605.jpg
2;2468;Deux petites aquarelles;102;0;0;17;119792.jpg
2;2468;CHAUFFE-PLAT en métal argenté à deux bruleurs;101;0;0;17;119791.jpg
2;2468;AUGERON. Vase à deux anses à panse basse en faience vers 1930;100;0;0;17;119721.jpg
2;2468;VASE Chine monté en lampe à décor de coqs;99;0;0;17;119722.jpg
2;8541;Deux aquarelles. Jeune femme au chapeau et fillette à la poule.;138;300;350;17;119723.jpg
2;8541;Nino Giuffrida. Venise. Aquarelle;137;60;80;17;119724.jpg
2;8541;Portrait homme orientaliste. Huile sur isorel.;136;150;180;17;119726.jpg
2;8541;R. MOURGE VAQUIER. Composition orientaliste, pastel. ;135;120;150;17;119589.jpg
2;13548;Un carton comprenant de la verrerie, dont vases, bonbonnière cristal, porte couteaux, sucrier, verres à orangeade, et divers. ;52;0;0;17;119590.jpg
2;13548;Un carton comprenant un briquets de table (vers 1970), petite boite cloisonnée, petits animaux africains en bronze, une boîte en laque, un vase biscuit éléphant, poignées de porte en porcelaine. ;51;0;0;17;119600.jpg
2;13548;Un carton comprenant une partie de service en faïence anglaise, bonbonnière Gien, bougeoir en faïence, coupe ajourée en faïence. ;50;0;0;17;119597.jpg
2;13548;Un carton comprenant un service café Limoges blanc et bordeau, tasses à thé diverses et vase à décor de violettes, etc. ;49;0;0;17;119599.jpg
2;13548;Un carton de vaisselles diverses, bonbonnière, bols, une paire de sujets italiens, etc. ;48;0;0;17;119598.jpg
2;13548;Un carton comprenant deux lampes de chevet, et deux appliques. ;47;0;0;17;119736.jpg
2;13548;Villeroy et Boch, service de table Summerday. 24 assiettes, 12 assiettes creuses, 12 assiettes à dessert, un service à café, 4 plats, 3 raviers, une saucières, 6 tasses à thé et une soucoupe. On y joint une nappe ronde, une nappe rectangulaire, et 12 serv;46;0;0;17;119737.jpg
2;13823;Mazenod, 10 volumes, Les sculpteurs célèbres, Les femmes célèbres, Les inventeurs célèbres. ;45;80;100;17;119735.jpg
2;3934;Un ensemble de volumes divers, dont des oeuvres d'Alfred de Musset, et le Roman d'un Spahi, Pierre Loti. ;44;0;0;17;119728.jpg
2;3934;Atlas historique piur servir au Mexique en 1823. ;43;0;0;17;119729.jpg
2;3934;Un volume, Surprenant procès d'un bourreau, Francis Carco, avec des lithographies d'Ambrogiani. Ensemble de dessins d'Ambrogiani. On y joint Notes sur l'Amour, illustrée par Bonnard. ;42;0;0;17;119718.jpg
2;3934;Un volume, Picasso, Les enfants et les toros de Vallauris, édition La Farandole. ;41;0;0;17;119719.jpg
2;13826;Un lot de six volumes, Au pays du mystère, Le journal de Sonia, etc. ;40;0;0;17;119727.jpg
2;8969;Un cahier manuscrit de paroles de chansons, illustré de dessins au crayon. En l'état. ;39;0;0;17;119717.jpg
2;13863;"Lot dont ; GIEN dix assiettes pivoines, un vase cloisonné, une assiette Quimper et deux assiettes décoratives et un pèse letrres.";155;0;0;17;119716.jpg
2;13863;Lot de bibelots en porcelaine divers dont bonbonnière, médaillons et necessaire de bureau;154;0;0;17;119715.jpg
2;13863;COUPE et deux CARAFES en cristal overlay rouge à décor cynégétique.;153;0;0;17;119797.jpg
2;87;LORRAIN. SUSPENSION la vasque en verre marmorréen orange.;72;0;0;17;119796.jpg
2;87;VASE en opaline à décor peint de branchages. Percé.;71;0;0;17;119795.jpg
2;1941;Lot de bijoux fantaisie en métal dont bracelets et ceinture;91;0;0;17;119794.jpg
2;1941;Lot de bijoux ethniques en métal émaillé;90;0;0;17;119793.jpg
2;11320;Deux miroirs ovales moderne.;140;0;0;17;119790.jpg
2;11320;GLACE de CHEMINEE en bois stucqué doré à décor de losanges.;139;0;0;17;119789.jpg
2;11320;Lot de draps jour échelle et brodé.;54;0;0;17;119785.jpg
2;12760;THE BOWIE KNIFES COLLECTION. Six couteaux encadrés;145;100;150;17;119788.jpg
2;13612;Maternité. Huile sur toile. Quelques manques et rayures;152;200;250;17;119787.jpg
2;11700;Huit ALBUMS par Benjamin Rabier en l'état.;141;0;0;17;119786.jpg
2;225;H. PETRILLY. Sujet en platre patiné figurant un fauve sur un rocher. accident;83;0;0;17;119784.jpg
2;225;Un carton comprenant cache-pot laiton, deux pots de chambre, bougeoirs, abat jour opaline etc.;53;0;0;17;119783.jpg
2;225;Ensemble de CARNETS de BALS, tabatières, porte-monnaie, étui couturière, écaille nacre et divers.;82;0;0;17;119782.jpg
2;225;Bougeoir en laiton émaillé, chemin de croix souvenir de Lourdes et une boîte laiton couvercle émaillé;81;0;0;17;119780.jpg
2;225;Ensemble de petites pièces encadrées.;80;0;0;17;119779.jpg
2;225;Casque Pompier en l'état.;79;0;0;17;119778.jpg
2;225;Pendulette régule, tire-lire lion, bougeoir pieds griffes, socle style Empire;78;0;0;17;119777.jpg
2;225;BONBONNIERE en verre vert émaillé or, BOITE en pierre dure la prise en forme de poissson, une BOITE Russe et un SOLIFLOR Gien.;77;0;0;17;119776.jpg
2;225;Lot dont BONBONNIERE Tharaud, Panier de tuilipes faïence Anglaise, Oiseau branché en faïence Anglaise, et PLAQUE porcelaine A. RIFF.;76;0;0;17;119775.jpg
2;225;Deux bronzes bustes de femme et coupe papier en bronze;75;0;0;17;119774.jpg
2;225;Lot comprenant une Jardinière carrosse, petit vase Coppenhague et boite erotique biscuit femme tortue.;74;0;0;17;119773.jpg
2;14418;Carton comprenant faïences et porcelaines diverses, cache-pot, assiettes, tasses, etc. ;6;0;0;17;119772.jpg
2;14418;Un lot de bibelots divers comprenant un plateau à fromage, faïences, Christ et poupées folkloriques, etc. ;5;0;0;17;119771.jpg
2;14418;"Carton comprenant des pièces encadrées ; reproductions, gravures, aquarelles, miroirs. ";4;0;0;17;119770.jpg
2;14418;Carton comprenant un ensemble de pots à pharmacie, faïences diverses modernes. ;3;0;0;17;119769.jpg
2;14418;Carton comprenant un bas-relief en bois africain, pot à tabac Beauvais, quelques pièces d'étain, petit miroir, etc. ;2;0;0;17;119768.jpg
2;14418;Carton comprenant une carafe, vases divers, un  petit service satsuma, poupée russe, cendrier et divers bibelots. ;1;0;0;17;119767.jpg
2;3934;Boris SMIRNOFF. Dessin aux crayons de couleurs. Portrait de fillette.;131;0;0;17;119766.jpg
2;3934;Album de Chromolithographies;130;0;0;17;119765.jpg
2;228;CHRISTOFLE. lot de métal argenté comprenant un plat rond, un légumier à anses, six couteaux lames acier acc. On y joint un légumier couvert.;89;0;0;17;119764.jpg
2;228;COUPE en verre marmoréen à décor peint de baies. (inclusion au col);88;0;0;17;119763.jpg
2;228;SEVRES. Presse papier cristal poussin;87;0;0;17;119762.jpg
2;228;BACCARAT. Vase cristal.;86;0;0;17;119761.jpg
2;228;SAINT-LOUIS. Vase en cristal pointe de diamants, légers éclats au col.;85;0;0;17;119760.jpg
2;14418;Julien Grujard. Le vieu bassin d'Honfleur. Huile sur toile.;201;0;0;17;119759.jpg
2;14418;Dodik. Dix carreaux de faïence figurant une mère et son enfant;200;15;20;17;119758.jpg
2;14418;Cases et enfants. Huile sur toile.Joint au lot 200;199;0;0;17;119757.jpg
2;14418;Sujet en terre cuite figurant Saint Fiacre en pied.;198;0;0;17;119756.jpg
2;14418;CARTEL d'applique en bronze style Louis XV;196;120;150;17;119755.jpg
2;14418;Lot comprenant lampe berger THARAUD, verre émaillé, un moulin, et une huile sur panneau alexis vallon.;195;0;0;17;119754.jpg
2;14418;Cinq POTS à PHARMARCIE dans le goût de la Renaissance;194;50;80;17;119753.jpg
2;14418;Douze POTS à PHARMACIE en porcelaine ;193;0;0;17;119752.jpg
2;14418;Petite applique d'encoignure en bois sculpté figurant une tête de lion;192;15;20;17;119751.jpg
2;14418;LAMPE en fer forgé;191;40;60;17;119750.jpg
2;14418;JARDINIERE en porcelaine polychrome à décor floral surmonté d'une perruche (quelques accidents et manques);190;80;100;17;119749.jpg
2;14245;4 volumes, Jean-Pierre Camus Les diversitez. Un volume, Histoire universelle de Justin. Un volume, Petits Cahiers de Léon Ceadel. ;38;0;0;17;119748.jpg
2;10173;Deux albums de cartes postales, New-York, fantaisies, Cantal, Paris, et divers. ;35;0;0;17;119747.jpg
2;4417;Quatre petits cartons de gravures diverses. ;37;0;0;17;119746.jpg
2;4417;Un ensemble de cartons à dessins contenant des gravures en noir, des compositions contemporaines, etc. ;36;0;0;17;119745.jpg
2;10173;Journal des demoiselles, 2 volumes. Mode pour tous, 1 volumes. ;34;0;0;1;119744.jpg
2;14183;Un ensemble de livres dont Marcel Aymé, Guy de Maupassant, Romain Rolland, Siméon Luce, etc. ;33;0;0;17;119743.jpg
2;12409;Un lot de livres divers, dont reliures modernes. ;25;0;0;17;119742.jpg
2;13449;Livre de messe, Venise, 1757. En l'état. ;24;100;120;17;119741.jpg
2;14253;Courteline, 10 volumes. ;23;150;200;17;119740.jpg
2;3270;Victor Hugo, 25 volumes, reliure verte. ;22;200;250;17;119739.jpg
2;14234;Un lot avec cuillers de collection, couteaux, cuillers à moqua en métal doré, des minaudières en l'état. ;21;0;0;17;119738.jpg
2;14234;Un lot de luminaires, lustre et appliques. ;20;0;0;17;119734.jpg
2;14234;Un lot comprenant un vase perruches (accident), un vase faïence, chope, polaroïd. ;19;0;0;17;119733.jpg
2;14234;Un lot comprenant des coffrets, lampes, et un guéridon pliant. ;18;0;0;17;119732.jpg
2;14234;Un lot de cuivre et métal argenté, plateaux, aiguière, boite, etc. ;17;0;0;17;119781.jpg
2;14234;Un lot comprenant un seau à champagne cristal (fêle), lampe à pétrole, carafe, porte couteaux, etc. ;16;0;0;17;119731.jpg
2;14234;Un lot de verreries comprenant un guéridon cendirer, des vases, etc. ;15;0;0;17;119730.jpg
2;3934;Ménagère en métal argenté, rang de perles, douze couverts, onze cuillers, douze couteaux. Et partie de ménagère modèle filets rubans. ;14;0;0;17;119725.jpg
2;3934;Un lot de métal argenté, avec partie de ménagère, un cadre photo, service à glace, et divers. ;13;0;0;17;119601.jpg
2;3934;Un lot de métal argenté avec un plat ovale filets, une monture de sucrier Art Nouveau, un briquet de table, une grande timbale, etc. ;12;0;0;17;119798.jpg
2;3934;Service à café et service à gâteau, porcelaine bleue irisée. ;11;0;0;17;119799.jpg
2;14418;Un lot de pièces encadrées dont canevas, reproductions, et broderies Chine. ;10;0;0;17;119800.jpg
2;14418;Un lot de livres reliés dont L'Histoire générale par Lavisse et Rambaud, Les prisons de l'Europe, Théâtre moderne, Histoire de Bretagne, etc. ;9;100;120;17;119804.jpg
2;14418;Un fort lot d'étains divers, et une paire bouts de table. ;8;60;80;17;119805.jpg
2;14418;Un lot comprenant une lampe en albâtre (accident) et un vase. ;7;60;80;17;119806.jpg
